repo_name,file_path,extension,loc,size_bytes
flask,docs/conf.py,.py,101,3386
flask,examples/celery/make_celery.py,.py,4,102
flask,examples/celery/src/task_app/__init__.py,.py,39,1024
flask,examples/celery/src/task_app/tasks.py,.py,23,484
flask,examples/celery/src/task_app/views.py,.py,38,954
flask,examples/javascript/js_example/__init__.py,.py,5,91
flask,examples/javascript/js_example/views.py,.py,18,429
flask,examples/javascript/tests/conftest.py,.py,15,216
flask,examples/javascript/tests/test_js_example.py,.py,27,727
flask,examples/tutorial/flaskr/__init__.py,.py,48,1406
flask,examples/tutorial/flaskr/auth.py,.py,116,3296
flask,examples/tutorial/flaskr/blog.py,.py,125,3305
flask,examples/tutorial/flaskr/db.py,.py,56,1317
flask,examples/tutorial/tests/conftest.py,.py,62,1454
flask,examples/tutorial/tests/test_auth.py,.py,69,2070
flask,examples/tutorial/tests/test_blog.py,.py,83,2503
flask,examples/tutorial/tests/test_db.py,.py,29,616
flask,examples/tutorial/tests/test_factory.py,.py,12,298
flask,src/flask/__init__.py,.py,39,2072
flask,src/flask/__main__.py,.py,3,30
flask,src/flask/app.py,.py,1628,65472
flask,src/flask/blueprints.py,.py,128,4541
flask,src/flask/cli.py,.py,1127,36836
flask,src/flask/config.py,.py,367,13219
flask,src/flask/ctx.py,.py,540,18261
flask,src/flask/debughelpers.py,.py,179,6070
flask,src/flask/globals.py,.py,77,2414
flask,src/flask/helpers.py,.py,682,24628
flask,src/flask/logging.py,.py,79,2377
flask,src/flask/sessions.py,.py,385,14969
flask,src/flask/signals.py,.py,17,750
flask,src/flask/templating.py,.py,212,7336
flask,src/flask/testing.py,.py,298,10134
flask,src/flask/typing.py,.py,87,3114
flask,src/flask/views.py,.py,191,6971
flask,src/flask/wrappers.py,.py,257,9406
flask,src/flask/json/__init__.py,.py,170,5583
flask,src/flask/json/provider.py,.py,215,7644
flask,src/flask/json/tag.py,.py,327,9281
flask,src/flask/sansio/app.py,.py,1013,39495
flask,src/flask/sansio/blueprints.py,.py,692,27017
flask,src/flask/sansio/scaffold.py,.py,800,30633
flask,tests/conftest.py,.py,112,2546
flask,tests/test_appctx.py,.py,265,6827
flask,tests/test_async.py,.py,145,3335
flask,tests/test_basic.py,.py,1974,54273
flask,tests/test_blueprints.py,.py,1115,31287
flask,tests/test_cli.py,.py,703,20303
flask,tests/test_config.py,.py,250,7748
flask,tests/test_converters.py,.py,42,1093
flask,tests/test_helpers.py,.py,377,11218
flask,tests/test_instance_config.py,.py,111,3317
flask,tests/test_json.py,.py,346,8741
flask,tests/test_json_tag.py,.py,86,1998
flask,tests/test_logging.py,.py,98,2529
flask,tests/test_regression.py,.py,30,712
flask,tests/test_reqctx.py,.py,249,6696
flask,tests/test_request.py,.py,70,1902
flask,tests/test_session_interface.py,.py,28,784
flask,tests/test_signals.py,.py,181,4864
flask,tests/test_subclassing.py,.py,21,480
flask,tests/test_templating.py,.py,532,15403
flask,tests/test_testing.py,.py,398,10563
flask,tests/test_user_error_handler.py,.py,295,8436
flask,tests/test_views.py,.py,271,7058
flask,tests/test_apps/blueprintapp/__init__.py,.py,9,256
flask,tests/test_apps/blueprintapp/apps/__init__.py,.py,0,0
flask,tests/test_apps/blueprintapp/apps/admin/__init__.py,.py,20,366
flask,tests/test_apps/blueprintapp/apps/frontend/__init__.py,.py,14,327
flask,tests/test_apps/cliapp/__init__.py,.py,0,0
flask,tests/test_apps/cliapp/app.py,.py,3,52
flask,tests/test_apps/cliapp/factory.py,.py,13,169
flask,tests/test_apps/cliapp/importerrorapp.py,.py,5,73
flask,tests/test_apps/cliapp/multiapp.py,.py,4,67
flask,tests/test_apps/cliapp/inner1/__init__.py,.py,3,55
flask,tests/test_apps/cliapp/inner1/inner2/__init__.py,.py,0,0
flask,tests/test_apps/cliapp/inner1/inner2/flask.py,.py,3,47
flask,tests/test_apps/helloworld/hello.py,.py,8,104
flask,tests/test_apps/helloworld/wsgi.py,.py,1,36
flask,tests/test_apps/subdomaintestmodule/__init__.py,.py,3,73
flask,tests/type_check/typing_app_decorators.py,.py,32,589
flask,tests/type_check/typing_error_handler.py,.py,33,647
flask,tests/type_check/typing_route.py,.py,112,2532
