file_path,language,extension,loc,size_bytes
CHANGES.rst,ReStructuredText,.rst,1667,73648
LICENSE.txt,Unknown,.txt,28,1475
README.md,Markdown,.md,53,1639
pyproject.toml,TOML,.toml,278,6555
uv.lock,Unknown,.lock,1993,364065
docs/Makefile,Unknown,,20,634
docs/api.rst,ReStructuredText,.rst,708,21212
docs/appcontext.rst,ReStructuredText,.rst,187,7691
docs/async-await.rst,ReStructuredText,.rst,119,4709
docs/blueprints.rst,ReStructuredText,.rst,315,12561
docs/changes.rst,ReStructuredText,.rst,4,45
docs/cli.rst,ReStructuredText,.rst,556,16701
docs/conf.py,Python,.py,101,3386
docs/config.rst,ReStructuredText,.rst,839,29006
docs/contributing.rst,ReStructuredText,.rst,8,274
docs/debugging.rst,ReStructuredText,.rst,99,3462
docs/design.rst,ReStructuredText,.rst,229,11215
docs/errorhandling.rst,ReStructuredText,.rst,523,18374
docs/extensiondev.rst,ReStructuredText,.rst,305,12918
docs/extensions.rst,ReStructuredText,.rst,48,1372
docs/gevent.rst,ReStructuredText,.rst,125,4075
docs/index.rst,ReStructuredText,.rst,89,2065
docs/installation.rst,ReStructuredText,.rst,143,3768
docs/license.rst,ReStructuredText,.rst,5,98
docs/lifecycle.rst,ReStructuredText,.rst,171,8987
docs/logging.rst,ReStructuredText,.rst,183,5927
docs/make.bat,Batch,.bat,35,760
docs/quickstart.rst,ReStructuredText,.rst,858,30055
docs/reqcontext.rst,ReStructuredText,.rst,6,93
docs/server.rst,ReStructuredText,.rst,115,3712
docs/shell.rst,ReStructuredText,.rst,81,2853
docs/signals.rst,ReStructuredText,.rst,166,6107
docs/templating.rst,ReStructuredText,.rst,261,8935
docs/testing.rst,ReStructuredText,.rst,318,10426
docs/views.rst,ReStructuredText,.rst,324,10270
docs/web-security.rst,ReStructuredText,.rst,316,13085
docs/_static/debugger.png,Unknown,.png,1598,207889
docs/_static/flask-icon.svg,Unknown,.svg,15,1999
docs/_static/flask-logo.svg,Unknown,.svg,17,3455
docs/_static/flask-name.svg,Unknown,.svg,23,5311
docs/_static/pycharm-run-config.png,Unknown,.png,1135,99654
docs/deploying/apache-httpd.rst,ReStructuredText,.rst,66,2364
docs/deploying/asgi.rst,ReStructuredText,.rst,27,673
docs/deploying/eventlet.rst,ReStructuredText,.rst,8,141
docs/deploying/gevent.rst,ReStructuredText,.rst,76,2248
docs/deploying/gunicorn.rst,ReStructuredText,.rst,116,3645
docs/deploying/index.rst,ReStructuredText,.rst,78,3173
docs/deploying/mod_wsgi.rst,ReStructuredText,.rst,94,2813
docs/deploying/nginx.rst,ReStructuredText,.rst,69,2316
docs/deploying/proxy_fix.rst,ReStructuredText,.rst,33,1365
docs/deploying/uwsgi.rst,ReStructuredText,.rst,143,4734
docs/deploying/waitress.rst,ReStructuredText,.rst,75,2337
docs/patterns/appdispatch.rst,ReStructuredText,.rst,189,6507
docs/patterns/appfactories.rst,ReStructuredText,.rst,118,4098
docs/patterns/caching.rst,ReStructuredText,.rst,16,653
docs/patterns/celery.rst,ReStructuredText,.rst,242,8670
docs/patterns/deferredcallbacks.rst,ReStructuredText,.rst,44,1848
docs/patterns/favicon.rst,ReStructuredText,.rst,56,2101
docs/patterns/fileuploads.rst,ReStructuredText,.rst,182,7297
docs/patterns/flashing.rst,ReStructuredText,.rst,148,4536
docs/patterns/index.rst,ReStructuredText,.rst,40,961
docs/patterns/javascript.rst,ReStructuredText,.rst,261,9038
docs/patterns/jquery.rst,ReStructuredText,.rst,6,96
docs/patterns/lazyloading.rst,ReStructuredText,.rst,109,3847
docs/patterns/methodoverrides.rst,ReStructuredText,.rst,42,1456
docs/patterns/mongoengine.rst,ReStructuredText,.rst,102,2882
docs/patterns/packages.rst,ReStructuredText,.rst,133,4105
docs/patterns/requestchecksum.rst,ReStructuredText,.rst,55,1861
docs/patterns/singlepageapplications.rst,ReStructuredText,.rst,24,731
docs/patterns/sqlalchemy.rst,ReStructuredText,.rst,213,7265
docs/patterns/sqlite3.rst,ReStructuredText,.rst,147,5028
docs/patterns/streaming.rst,ReStructuredText,.rst,100,3307
docs/patterns/subclassing.rst,ReStructuredText,.rst,17,676
docs/patterns/templateinheritance.rst,ReStructuredText,.rst,68,2197
docs/patterns/urlprocessors.rst,ReStructuredText,.rst,126,4306
docs/patterns/viewdecorators.rst,ReStructuredText,.rst,171,6318
docs/patterns/wtforms.rst,ReStructuredText,.rst,126,4708
docs/tutorial/blog.rst,ReStructuredText,.rst,336,11388
docs/tutorial/database.rst,ReStructuredText,.rst,219,7028
docs/tutorial/deploy.rst,ReStructuredText,.rst,111,3699
docs/tutorial/factory.rst,ReStructuredText,.rst,159,5878
docs/tutorial/flaskr_edit.png,Unknown,.png,165,13259
docs/tutorial/flaskr_index.png,Unknown,.png,118,11675
docs/tutorial/flaskr_login.png,Unknown,.png,95,7455
docs/tutorial/index.rst,ReStructuredText,.rst,64,2061
docs/tutorial/install.rst,ReStructuredText,.rst,89,2838
docs/tutorial/layout.rst,ReStructuredText,.rst,105,2878
docs/tutorial/next.rst,ReStructuredText,.rst,38,1631
docs/tutorial/static.rst,ReStructuredText,.rst,72,3170
docs/tutorial/templates.rst,ReStructuredText,.rst,187,6962
docs/tutorial/tests.rst,ReStructuredText,.rst,559,18268
docs/tutorial/views.rst,ReStructuredText,.rst,305,10924
examples/celery/README.md,Markdown,.md,27,950
examples/celery/make_celery.py,Python,.py,4,102
examples/celery/pyproject.toml,TOML,.toml,22,485
examples/celery/requirements.txt,Unknown,.txt,58,1073
examples/celery/src/task_app/__init__.py,Python,.py,39,1024
examples/celery/src/task_app/tasks.py,Python,.py,23,484
examples/celery/src/task_app/views.py,Python,.py,38,954
examples/celery/src/task_app/templates/index.html,HTML,.html,108,2909
examples/javascript/LICENSE.txt,Unknown,.txt,28,1475
examples/javascript/README.rst,ReStructuredText,.rst,48,1086
examples/javascript/pyproject.toml,TOML,.toml,38,842
examples/javascript/js_example/__init__.py,Python,.py,5,91
examples/javascript/js_example/views.py,Python,.py,18,429
examples/javascript/js_example/templates/base.html,HTML,.html,33,1178
examples/javascript/js_example/templates/fetch.html,HTML,.html,33,852
examples/javascript/js_example/templates/jquery.html,HTML,.html,27,666
examples/javascript/js_example/templates/xhr.html,HTML,.html,29,933
examples/javascript/tests/conftest.py,Python,.py,15,216
examples/javascript/tests/test_js_example.py,Python,.py,27,727
examples/tutorial/LICENSE.txt,Unknown,.txt,28,1475
examples/tutorial/README.rst,ReStructuredText,.rst,68,1273
examples/tutorial/pyproject.toml,TOML,.toml,45,873
examples/tutorial/flaskr/__init__.py,Python,.py,48,1406
examples/tutorial/flaskr/auth.py,Python,.py,116,3296
examples/tutorial/flaskr/blog.py,Python,.py,125,3305
examples/tutorial/flaskr/db.py,Python,.py,56,1317
examples/tutorial/flaskr/schema.sql,Unknown,.sql,20,498
examples/tutorial/flaskr/static/style.css,CSS,.css,134,1696
examples/tutorial/flaskr/templates/base.html,HTML,.html,24,752
examples/tutorial/flaskr/templates/auth/login.html,HTML,.html,15,424
examples/tutorial/flaskr/templates/auth/register.html,HTML,.html,15,428
examples/tutorial/flaskr/templates/blog/create.html,HTML,.html,15,447
examples/tutorial/flaskr/templates/blog/index.html,HTML,.html,28,790
examples/tutorial/flaskr/templates/blog/update.html,HTML,.html,19,690
examples/tutorial/tests/conftest.py,Python,.py,62,1454
examples/tutorial/tests/data.sql,Unknown,.sql,8,394
examples/tutorial/tests/test_auth.py,Python,.py,69,2070
examples/tutorial/tests/test_blog.py,Python,.py,83,2503
examples/tutorial/tests/test_db.py,Python,.py,29,616
examples/tutorial/tests/test_factory.py,Python,.py,12,298
src/flask/__init__.py,Python,.py,39,2072
src/flask/__main__.py,Python,.py,3,30
src/flask/app.py,Python,.py,1628,65472
src/flask/blueprints.py,Python,.py,128,4541
src/flask/cli.py,Python,.py,1127,36836
src/flask/config.py,Python,.py,367,13219
src/flask/ctx.py,Python,.py,540,18261
src/flask/debughelpers.py,Python,.py,179,6070
src/flask/globals.py,Python,.py,77,2414
src/flask/helpers.py,Python,.py,682,24628
src/flask/logging.py,Python,.py,79,2377
src/flask/py.typed,Unknown,.typed,0,0
src/flask/sessions.py,Python,.py,385,14969
src/flask/signals.py,Python,.py,17,750
src/flask/templating.py,Python,.py,212,7336
src/flask/testing.py,Python,.py,298,10134
src/flask/typing.py,Python,.py,87,3114
src/flask/views.py,Python,.py,191,6971
src/flask/wrappers.py,Python,.py,257,9406
src/flask/json/__init__.py,Python,.py,170,5583
src/flask/json/provider.py,Python,.py,215,7644
src/flask/json/tag.py,Python,.py,327,9281
src/flask/sansio/README.md,Markdown,.md,6,229
src/flask/sansio/app.py,Python,.py,1013,39495
src/flask/sansio/blueprints.py,Python,.py,692,27017
src/flask/sansio/scaffold.py,Python,.py,800,30633
tests/conftest.py,Python,.py,112,2546
tests/test_appctx.py,Python,.py,265,6827
tests/test_async.py,Python,.py,145,3335
tests/test_basic.py,Python,.py,1974,54273
tests/test_blueprints.py,Python,.py,1115,31287
tests/test_cli.py,Python,.py,703,20303
tests/test_config.py,Python,.py,250,7748
tests/test_converters.py,Python,.py,42,1093
tests/test_helpers.py,Python,.py,377,11218
tests/test_instance_config.py,Python,.py,111,3317
tests/test_json.py,Python,.py,346,8741
tests/test_json_tag.py,Python,.py,86,1998
tests/test_logging.py,Python,.py,98,2529
tests/test_regression.py,Python,.py,30,712
tests/test_reqctx.py,Python,.py,249,6696
tests/test_request.py,Python,.py,70,1902
tests/test_session_interface.py,Python,.py,28,784
tests/test_signals.py,Python,.py,181,4864
tests/test_subclassing.py,Python,.py,21,480
tests/test_templating.py,Python,.py,532,15403
tests/test_testing.py,Python,.py,398,10563
tests/test_user_error_handler.py,Python,.py,295,8436
tests/test_views.py,Python,.py,271,7058
tests/static/config.json,JSON,.json,4,54
tests/static/config.toml,TOML,.toml,2,35
tests/static/index.html,HTML,.html,1,22
tests/templates/_macro.html,HTML,.html,1,55
tests/templates/context_template.html,HTML,.html,1,36
tests/templates/escaping_template.html,HTML,.html,6,147
tests/templates/mail.txt,Unknown,.txt,1,14
tests/templates/non_escaping_template.txt,Unknown,.txt,8,169
tests/templates/simple_template.html,HTML,.html,1,23
tests/templates/template_filter.html,HTML,.html,1,26
tests/templates/template_test.html,HTML,.html,3,51
tests/templates/nested/nested.txt,Unknown,.txt,1,11
tests/test_apps/blueprintapp/__init__.py,Python,.py,9,256
tests/test_apps/blueprintapp/apps/__init__.py,Python,.py,0,0
tests/test_apps/blueprintapp/apps/admin/__init__.py,Python,.py,20,366
tests/test_apps/blueprintapp/apps/admin/static/test.txt,Unknown,.txt,1,11
tests/test_apps/blueprintapp/apps/admin/static/css/test.css,CSS,.css,1,18
tests/test_apps/blueprintapp/apps/admin/templates/admin/index.html,HTML,.html,1,21
tests/test_apps/blueprintapp/apps/frontend/__init__.py,Python,.py,14,327
tests/test_apps/blueprintapp/apps/frontend/templates/frontend/index.html,HTML,.html,1,24
tests/test_apps/cliapp/__init__.py,Python,.py,0,0
tests/test_apps/cliapp/app.py,Python,.py,3,52
tests/test_apps/cliapp/factory.py,Python,.py,13,169
tests/test_apps/cliapp/importerrorapp.py,Python,.py,5,73
tests/test_apps/cliapp/message.txt,Unknown,.txt,1,38
tests/test_apps/cliapp/multiapp.py,Python,.py,4,67
tests/test_apps/cliapp/inner1/__init__.py,Python,.py,3,55
tests/test_apps/cliapp/inner1/inner2/__init__.py,Python,.py,0,0
tests/test_apps/cliapp/inner1/inner2/flask.py,Python,.py,3,47
tests/test_apps/helloworld/hello.py,Python,.py,8,104
tests/test_apps/helloworld/wsgi.py,Python,.py,1,36
tests/test_apps/subdomaintestmodule/__init__.py,Python,.py,3,73
tests/test_apps/subdomaintestmodule/static/hello.txt,Unknown,.txt,1,16
tests/type_check/typing_app_decorators.py,Python,.py,32,589
tests/type_check/typing_error_handler.py,Python,.py,33,647
tests/type_check/typing_route.py,Python,.py,112,2532
